가지나물,결과없음
가지장아찌,결과없음
간전,결과없음
갈치아가미젓,춘심이네,통갈치구이,은갈치,,제주특별자치도 서귀포시 안덕면 창천리 160-4
갈치아가미젓,네거리식당,갈치국,갈치조림,,제주도 서귀포시 천지동 310-40
갈치아가미젓,맛나식당,갈치조림,고등어조림,갈치,제주특별자치도 서귀포시 성산읍 고성리 316
갈치아가미젓,삼학집,서대회무침,서대회,갈치,전라남도 여수시 수정동 195-1 파라다이스 스파호스텔 1층
갈치아가미젓,고객식당,갈치조림,갈치,,제주도 제주시 이도1동 1436-7 동문시장 내 1층
갈치아가미젓,희락갈치,갈치조림,갈치,,서울특별시 중구 남창동 34-34
갈치아가미젓,오라방,몸국,고기국수,갈치,서울특별시 마포구 망원1동 338-1
갈치아가미젓,남경미락,다금바리,횟집,갈치,제주 서귀포시 안덕면 사계리 2032-3
갈치아가미젓,제주마당,통갈치조림,통갈치구이,,제주특별자치도 제주시 노형동 914-2
갈치아가미젓,부촌식당,갈치조림,보말국,갈치,제주특별자치도 서귀포시 성산읍 고성리 314-6
갈치조림,춘심이네,통갈치구이,은갈치,갈치조림,제주특별자치도 서귀포시 안덕면 창천리 160-4
갈치조림,네거리식당,갈치국,갈치조림,,제주도 서귀포시 천지동 310-40
갈치조림,맛나식당,갈치조림,고등어조림,,제주특별자치도 서귀포시 성산읍 고성리 316
갈치조림,고집돌우럭,우럭조림,갈치조림,,제주특별자치도 제주시 건입동 1319-124
갈치조림,닭진미강원집,닭곰탕,닭,갈치조림,서울특별시 중구 남창동 34-139
갈치조림,운정이네,오분작돌솥밥,전복뚝배기,갈치조림,제주특별자치도 서귀포시 중문동 1239-5
갈치조림,고객식당,갈치조림,갈치,,제주도 제주시 이도1동 1436-7 동문시장 내 1층
갈치조림,청정게장촌,게장,게장백반,갈치조림,전라남도 여수시 봉산동 273-36
갈치조림,희락갈치,갈치조림,갈치,,서울특별시 중구 남창동 34-34
갈치조림,곰골식당,생선구이,묵은지갈비,갈치조림,충청남도 공주시 반죽동 338
갈치호박국,꼭지식당,회백반,복국,갈치,경상남도 사천시 선구동 41-110
감자죽,결과없음
강술,결과없음
건옥돔구이,고집돌우럭,우럭조림,갈치조림,옥돔구이,제주특별자치도 제주시 건입동 1319-124
건옥돔구이,춘미향,벵에돔,두루치기,옥돔구이,제주특별자치도 서귀포시 안덕면 사계리 2674-1
건옥돔구이,삼보식당,전복뚝배기,자리물회,옥돔구이,제주특별자치도 서귀포시 천지동 319-8
건옥돔구이,소금바치,돌문어볶음,옥돔구이,,제주특별자치도 제주시 구좌읍 종달리 42-5
건옥돔구이,성산진미식당,오분자기,옥돔구이,,제주특별자치도 서귀포시 성산읍 성산리 204
건옥돔구이,백리향,백반정식,갈치구이,옥돔구이,제주특별자치도 제주시 조천읍 조천리 2342-1
건옥돔구이,산방산에,모닥치기,갈치조림,옥돔구이,제주특별자치도 서귀포시 안덕면 사계리 863-2
건옥돔구이,삼거리식당,갈치조림,기사식당,옥돔구이,제주특별자치도 서귀포시 안덕면 창천리 155-7
건옥돔구이,춘심이네,옥돔구이,전복,,제주특별자치도 제주시 노형동 158-1
건옥돔구이,성원식당,해물전골,해물탕,옥돔구이,제주특별자치도 서귀포시 대정읍 상모리 87-1
게국,결과없음
게범벅,결과없음
게술,결과없음
게젓,결과없음
게조림,인더썬,연잎밥,한정식,꽃게,울산광역시 동구 일산동 964-1
게조림,여수게장나라,게장,대게요리,갈치조림,전라남도 여수시 국동 1082-32
게조림,속초붉은대게,홍게찜,대게,,서울특별시 강서구 화곡6동 1115-29 1층
게조림,옥이네집,갈치조림,꽃게,,전라남도 진도군 진도읍 남동리 507-2
게조림,대게나라,대게,대게요리,,전라남도 여수시 국동 1082-32
게조림,큰집,대하,해물탕,갈치조림,경상남도 거제시 고현동 1036-5
게조림,우산국,스키야키,메로구이,대게,경상북도 울릉군 울릉읍 저동리 116-5
게조림,억조식당,갈치조림,밥집,꽃게,경상남도 진주시 상대동 247-37
게조림,제주마을,대게,홍게라면,,서울특별시 영등포구 문래동3가 84-7
게죽,결과없음
고구마떡,결과없음
고구마순장아찌,결과없음
고기국수,올래국수,고기국수,,,제주특별자치도 제주시 연동 301-19
고기국수,자매국수,고기국수,돔베고기,,제주특별자치도 제주시 일도2동 1034-10
고기국수,자매국수,고기국수,돔베고기,,제주특별자치도 제주시 노형동 1279-1
고기국수,조씨네,고기국수,,,서울시 광진구 화양동 12-52
고기국수,가시아방,고기국수,아강발,,제주특별자치도 서귀포시 성산읍 고성리 528-2
고기국수,맨도롱,고기국수,돔베고기,,서울특별시 서대문구 창천동 57-3
고기국수,국수바다,성게국수,국수,고기국수,제주특별자치도 서귀포시 색달동 2130
고기국수,산방식당,밀면,비빔밀면,고기국수,제주도 제주시 이도2동 1999-12
고기국수,가야밀면,돼지국밥,고기국수,,경기도 고양시 일산서구 대화동 2298-9
고기국수,할매집,돼지국밥,순대전골,고기국수,부산광역시 해운대구 중동 1371-5
고둥죽,결과없음
고등어구이,김희선,몸국,고사리육개장,고등어구이,제주특별자치도 제주시 용담3동 1174-1
고등어구이,털보고된이,고갈비,생선구이,고등어구이,서울시 노원구 상계동 332-3
고등어구이,송정식당,생선구이,순두부찌개,고등어구이,서울특별시 종로구 종로5가 443
고등어구이,산으로간고등어,고등어,생선구이전문,고등어구이,경기도 용인시 수지구 동천동 115-3
고등어구이,고삼이,생선구이,삼치구이,고등어구이,서울시 서대문구 창천동 53-8
고등어구이,대원식당,생선구이,고등어구이,,서울특별시 용산구 용산동3가 1-64
고등어구이,한일식당,생선구이,삼치구이,고등어구이,서울시 종로구 관수동 43-2
고등어구이,낭뜰에쉼팡,흑돼지제육,한식,고등어구이,제주특별자치도 제주시 조천읍 와흘리 125
고등어구이,산방산초가집,전복해물전골,해물전골,고등어구이,제주특별자치도 서귀포시 안덕면 화순리 421-1
고등어구이,왕릉골,김치찌개,고등어구이,,경기도 고양시 덕양구 원당동 432
고등어배춧국,이치에,이자카야,사시미모리아와세,고등어,서울특별시 강남구 신사동 656-7 2층
고등어배춧국,맛나식당,갈치조림,고등어조림,고등어,제주특별자치도 서귀포시 성산읍 고성리 316
고등어배춧국,산으로간고등어,고등어,생선구이전문,고등어구이,경기도 용인시 수지구 동천동 115-3
고등어배춧국,만선식당,고등어회,고등어,,제주특별자치도 서귀포시 하모리 대정읍 770-50
고등어배춧국,미영이네,고등어회,고등어탕,,제주 서귀포시 대정읍 하모리 770-29
고등어배춧국,이춘옥,고등어쌈밥,고등어,,제주특별자치도 제주시 애월읍 하귀1리 266-1
고등어배춧국,채운,생선구이,생선구이전문,고등어,경기도 성남시 분당구 운중동 41
고등어배춧국,그리운바다,고등어회,갈치회,고등어,제주특별자치도 서귀포시 성산읍 성산리 360-10
고등어배춧국,고미꽃시래,시래기,한정식,고등어,경기도 성남시 분당구 서현동 335-2
고등어배춧국,소문난식당,묵은지고등어조림,고등어조림,,서울특별시 영등포구 문래동4가 8-30
고등어조림,맛나식당,갈치조림,고등어조림,,제주특별자치도 서귀포시 성산읍 고성리 316
고등어조림,바다속고등어쌈밥,고등어쌈밥,고등어조림,,제주특별자치도 제주시 애월읍 하귀리 1548
고등어조림,만선식당,고등어회,고등어,고등어조림,제주특별자치도 서귀포시 하모리 대정읍 770-50
고등어조림,희락갈치,갈치조림,갈치,고등어조림,서울특별시 중구 남창동 34-34
고등어조림,막내횟집,숙성회,횟집,고등어조림,서울특별시 중구 남창동 50-48
고등어조림,고미꽃시래,시래기,한정식,고등어조림,경기도 성남시 분당구 서현동 335-2
고등어조림,소문난식당,묵은지고등어조림,고등어조림,,서울특별시 영등포구 문래동4가 8-30
고등어조림,산불등심,된장찌개,등심구이,고등어조림,서울특별시 중구 다동 127
고등어조림,어랑추,고등어조림,묵은지고등어조림,,경기도 구리시 인창동 450-9
고등어조림,최선장생선구이,생선구이,삼치구이,고등어조림,서울특별시 송파구 삼전동 133-1
고등어죽,동이식당,고등어,한정식,고등어구이,대구광역시 달서구 대곡동 844-1
고등어죽,연이생선구이,생선구이전문,시금치,고등어,경상남도 김해시 74-15
고등어죽,본죽,김치죽,타코,고등어,서울특별시 성동구 성수동1가 656-297
고등어죽,하단횟집,전어구이,소라,고등어,부산광역시 사하구 하단1동 1165-14
고등어죽,복돈이야,콩고기,요거트,고등어,경기도 동두천시 생연동 745-12
고사리누름전,결과없음
고사리볶음,결과없음
고장떡,결과없음
고춧잎나물,결과없음
고춧잎장아찌,결과없음
골감주,결과없음
과줄,결과없음
군부물회,청초수물회,물회,섭국,,강원도 속초시 조양동 1555-1
군부물회,봉포머구리집,성게알밥,물회,모듬물회,강원도 속초시 영랑동 148-30
군부물회,함양집,한우물회,육회비빔밥,물회,경상북도 경주시 북군동 194-15
군부물회,순옥이네명가,전복물회,전복뚝배기,물회,제주특별자치도 제주시 도두1동 2615-5
군부물회,선녀풍,물회,전복물회,,인천광역시 중구 을왕동 689-1
군부물회,도두해녀의집,해녀의집,물회,전복물회,제주특별자치도 제주시 도두1동 2587-4
군부물회,해미가,물회,어죽,,강원도 강릉시 교동 1807-2
군부물회,환여횟집,물회,물회국수,,경상북도 포항시 북구 두호동 190-8
군부물회,할매재첩국,재첩국,물회국수,물회,서울특별시 강남구 대치동 988-2
군부물회,스시미르네,스시,물회,,부산광역시 해운대구 좌동 1492 112호
군부젓,결과없음
군부지,결과없음
기름떡,결과없음
기름밥,결과없음
꼬치구이,구이혁명가,꼬치구이,구이,,서울특별시 강남구 역삼동 649 지하1층
꼬치구이,쿠이신보,야끼도리,이자카야,꼬치구이,서울특별시 마포구 합정동 413-16
꼬치구이,먹튀,수제튀김,술집,꼬치구이,경기도 수원시 팔달구 인계동 1121-12
꼬치구이,쿠시무라,야끼도리,꼬치구이,,서울특별시 마포구 상수동 341-5
꼬치구이,모리구이집,꼬지,꼬치구이,,부산시 해운대구 중동 587
꼬치구이,고우,이자카야,꼬치구이,,서울특별시 용산구 이태원동 119-17
꼬치구이,철든놈,꼬치구이,고기집,,경기도 안양시 동안구 호계동 1044-8
꼬치구이,문타로,꼬치구이,이자카야,,서울특별시 용산구 한남동 683-124
꼬치구이,대원,노바다야끼,생선구이,꼬치구이,서울시 영등포구 여의도동 36-4 2F (오륜빌딩 2층)
꼬치구이,쿠시152,야키도리,이자카야,꼬치구이,서울특별시 강남구 삼성동 152-54 지하1층
꿩고기숯불구이,결과없음
꿩메밀칼국수,결과없음
꿩무국,결과없음
꿩산적,평양면옥,꿩냉면,평양냉면,꿩,경기도 양주시 장흥면 교현리 114
꿩산적,성읍,흑돼지,꿩,,제주특별자치도 서귀포시 표선면 성읍리 580
꿩산적,옥류담,평양냉면,꿩냉면,꿩만두,경기도 고양시 일산동구 장항동 750-1
꿩산적,왕박골식당,장칼국수,꿩만두국,꿩만두,강원도 속초시 장사동 525-3
꿩산적,골목식당,꿩,꿩요리,,제주특별자치도 제주시 이도1동 1347-1
꿩산적,남경식당,꿩만두국,막국수,꿩만두,강원도 평창군 대관령면 횡계리 21-5
꿩산적,선미꿩집,꿩,오리불고기,,부산광역시 금정구 선동 426-1
꿩산적,향나무식당,청국장,꿩,,충청북도 충주시 수안보면 온천리 245
꿩산적,장군식당,꿩요리,꿩,,충청북도 충주시 수안보면 온천리 235
꿩산적,낭푼밥상,향토음식점,카페,꿩,제주특별자치도 제주시 애월읍 유수암리 965
꿩엿,평양면옥,꿩냉면,평양냉면,꿩,경기도 양주시 장흥면 교현리 114
꿩엿,성읍,흑돼지,꿩,,제주특별자치도 서귀포시 표선면 성읍리 580
꿩엿,옥류담,평양냉면,꿩냉면,꿩만두,경기도 고양시 일산동구 장항동 750-1
꿩엿,왕박골식당,장칼국수,꿩만두국,꿩만두,강원도 속초시 장사동 525-3
꿩엿,골목식당,꿩,꿩요리,,제주특별자치도 제주시 이도1동 1347-1
꿩엿,남경식당,꿩만두국,막국수,꿩만두,강원도 평창군 대관령면 횡계리 21-5
꿩엿,선미꿩집,꿩,오리불고기,,부산광역시 금정구 선동 426-1
꿩엿,향나무식당,청국장,꿩,,충청북도 충주시 수안보면 온천리 245
꿩엿,장군식당,꿩요리,꿩,,충청북도 충주시 수안보면 온천리 235
꿩엿,낭푼밥상,향토음식점,카페,꿩,제주특별자치도 제주시 애월읍 유수암리 965
꿩토렴,평양면옥,꿩냉면,평양냉면,꿩,경기도 양주시 장흥면 교현리 114
꿩토렴,성읍,흑돼지,꿩,,제주특별자치도 서귀포시 표선면 성읍리 580
꿩토렴,옥류담,평양냉면,꿩냉면,꿩만두,경기도 고양시 일산동구 장항동 750-1
꿩토렴,왕박골식당,장칼국수,꿩만두국,꿩만두,강원도 속초시 장사동 525-3
꿩토렴,골목식당,꿩,꿩요리,,제주특별자치도 제주시 이도1동 1347-1
꿩토렴,남경식당,꿩만두국,막국수,꿩만두,강원도 평창군 대관령면 횡계리 21-5
꿩토렴,선미꿩집,꿩,오리불고기,,부산광역시 금정구 선동 426-1
꿩토렴,향나무식당,청국장,꿩,,충청북도 충주시 수안보면 온천리 245
꿩토렴,장군식당,꿩요리,꿩,,충청북도 충주시 수안보면 온천리 235
꿩토렴,낭푼밥상,향토음식점,카페,꿩,제주특별자치도 제주시 애월읍 유수암리 965
냉이나물,결과없음
녹두죽,가나안덕,오리고기,녹두죽,,경기도 고양시 일산동구 풍동 591-2
녹두죽,성미가든,닭샤브샤브,토종닭,녹두죽,제주특별자치도 제주시 조천읍 교래리 532
녹두죽,해남,촌닭,닭,녹두죽,광주광역시 북구 본촌동 769-8
녹두죽,가나안덕,진흙구이,오리고기,녹두죽,경기도 파주시 탄현면 법흥리 752
녹두죽,가나안,오리고기,녹두죽,,경기도 고양시 일산동구 풍동 591-2
녹두죽,서울마님죽,호박죽,호떡,녹두죽,서울특별시 중구 남창동 34-73 남대문시장
녹두죽,아리랑,닭샤브샤브,녹두죽,,경상북도 경주시 보문동 33-77
녹두죽,가나안덕,오리고기,녹두죽,,경기도 하남시 춘궁동  533
녹두죽,안다미로,닭샤브샤브,토종닭,녹두죽,제주특별자치도 제주시 조천읍 교래리 489
녹두죽,가나안덕,오리진흙구이,오리고기,녹두죽,경기도 광명시 노온사동 4
다금바리회,남경미락,다금바리,횟집,,제주 서귀포시 안덕면 사계리 2032-3
다금바리회,월척횟집,다금바리,횟집,,제주특별자치도 제주시 용담1동 386
다금바리회,물조은,다금바리,횟집,,서울특별시 강남구 삼성동 148-12
다금바리회,진미명가,다금바리,횟집,,제주도 서귀포시 안덕면 사계리 2072
다금바리회,옹포바다횟집,횟집,해물모듬,활어회,제주특별자치도 제주시 한림읍 옹포리 578-1
다금바리회,만원의행복,횟집,다금바리,,제주특별자치도 제주시 연동 310-42
다금바리회,용연횟집,다금바리,벵에돔,횟집,제주도 제주시 용담1동 408
다금바리회,도두횟집,다금바리,활어회,,제주특별자치도 제주시 도두1동 2558-1
다금바리회,대풍미락,다금바리,횟집,,제주도 제주시 조천읍 함덕리 1028
다금바리회,남또리,다금바리,횟집,,제주특별자치도 제주시 애월읍 고내리 337
달걀찜,결과없음
달래장아찌,결과없음
닭메밀칼국수,결과없음
닭제골,일산칼국수,닭칼국수,냉콩국수,닭,경기도 고양시 일산동구 정발산동 1271-3
닭제골,오레노라멘,라멘,시오라멘,닭,서울특별시 마포구 합정동 361-1
닭제골,한방통닭구이,통닭,통닭구이,,서울특별시 용산구 한남동 618-6
닭제골,닭진미강원집,닭곰탕,닭,,서울특별시 중구 남창동 34-139
닭제골,진옥화할매,닭한마리,닭칼국수,,서울특별시 종로구 종로5가 265-22
닭제골,정통,닭갈비,닭,,경기도 성남시 분당구 정자2동 42-6
닭제골,큰손닭한마리,닭한마리,닭도리탕,,서울특별시 송파구 잠실본동 183-5
닭제골,세미계,숯불닭갈비,닭갈비,,서울특별시 용산구 한남동 653-95
닭제골,백부장집닭한마리,닭한마리,닭,,서울특별시 종로구 공평동 129
닭제골,신호등장작구이,장작구이,통닭,닭,경기도 고양시 덕양구 용두동 1-41
당유자차,카페유자,카스테라,카페,유자차,경상남도 남해군 삼동면 동천리 1733
당유자차,문화공감수정,일본식,전통차,유자차,부산광역시 동구 수정동 1010
당유자차,탐앤탐스,유자차,카페,,경기도 성남시 분당구 삼평동 740
당유자차,코나빈스,유자차,카페,,서울특별시 양천구 신월동 961-4
당유자차,뮤즈데코,유자차,cafe,,경기도 하남시 풍산동 218-26
당유자차,할리스커피,유자차,스무디,,전라북도 익산시 모현동1가 869
당유자차,햇살긴유자빵,유자차,,,경상남도 거제시 거제면 옥산리 899-2
당유자차,웃골식당,제육볶음,닭도리탕,유자차,경기도 파주시 금촌동 65-15
당유자차,실버카페,유자차,딸기스무디,,경상남도 진주시 대안동 8-241
당유자차,봉쥬르카페,유자차,,,경기도 의정부시 의정부2동 505-5
대합조개죽,결과없음
돌래떡,결과없음
돼지갈비국,대성갈비,돼지갈비,양념게장,김치찌개,서울시 성동구 성수동1가 668-21
돼지갈비국,송추가마골,갈비탕,소갈비,돼지갈비,경기도 양주시 장흥면 교현리 114-8
돼지갈비국,송추가마골,갈비탕,소갈비,돼지갈비,서울특별시 종로구 도렴동 65
돼지갈비국,해운대불고기,불고기,삼겹살,김치찌개,경상남도 통영시 광도면 죽림리 1570-7
돼지갈비국,엄마손해물칼국수,돼지갈비,칼국수,,경기도 파주시 서패동 169-1
돼지갈비국,송추가마골,갈비탕,소갈비,돼지갈비,서울특별시 은평구 진관동 300-6
돼지갈비국,월산본가,석갈비,갈비탕,돼지갈비,대전시 중구 대흥동 181-10
돼지갈비국,양수가든,청국장,돼지갈비,,경기도 고양시 일산동구 정발산동 817-5
돼지갈비국,귀품찬,숯불갈비,돼지왕갈비,갈비탕,서울특별시 강북구 수유동 230-7 효성인텔리안오피스텔 2층
돼지갈비국,철마연밥,연잎밥,한우떡갈비,갈비탕,부산광역시 기장군 철마면 웅천리 324-6
돼지갈비지짐,봉피양,평양냉면,돼지갈비,, 서울특별시 송파구 방이동 205-8
돼지갈비지짐,조박집,돼지갈비,동치미국수,,서울특별시 마포구 용강동 40-1
돼지갈비지짐,부암갈비,생갈비,돼지갈비,,인천광역시 남동구 간석2동 130-12
돼지갈비지짐,대성갈비,돼지갈비,양념게장,,서울시 성동구 성수동1가 668-21
돼지갈비지짐,남도예담,떡갈비,대통밥,돼지갈비,전남 담양군 월산면 화방리 378-2
돼지갈비지짐,배꼽집,평양냉면,한우,돼지갈비,서울특별시 강남구 논현동 140-3
돼지갈비지짐,삼도갈비,평양냉면,갈비,돼지갈비,경기도 부천시 상동 573-1
돼지갈비지짐,경상도집,돼지갈비,포장마차,,서울특별시 중구 을지로6가 1-1
돼지갈비지짐,승일식당,돼지갈비,숯불갈비,,전라남도 담양군 담양읍 객사리 226-1
돼지갈비지짐,팔백집,쫄갈비,돼지갈비,,서울특별시 성북구 동선동2가 172
돼지고기고사리조림,너구리덮밥,덮밥,소고기덮밥,삼겹살,서울특별시 관악구 봉천동 1621-8
돼지고기고사리조림,만덕이네,전복두루치기,갈치조림,흑돼지,제주특별자치도 서귀포시 표선면 성읍리 1623-3
돼지고기고사리조림,큰엉식당,흑돼지,전복뚝배기,갈치조림,제주특별자치도 서귀포시 남원읍 남원리 2374-1
돼지고기고사리조림,올레삼다정,통갈치구이,흑돼지,갈치조림,제주특별자치도 서귀포시 동홍동 646-2
돼지고기고사리조림,전원일기,쌈밥,돔베고기,고등어조림,제주특별자치도 서귀포시 천지동 330-25
돼지고기고사리조림,봉선골,생선조림,갈치조림,,광주광역시 남구 봉선동 1000-5
돼지고기고사리조림,늘행복식당,쌈밥,고추장불고기,고등어조림,경상남도 통영시 광도면 죽림리 1569-12
돼지고기고사리조림,양지쌈밥,쌈밥,고등어쌈밥,고등어조림,전라남도 순천시 행동 103-4
돼지고기고사리조림,짱아저씨,해물탕,아스파라거스,갈치조림,제주특별자치도 서귀포시 성산읍 성산리 164-17
돼지고기고사리조림,형제도식당,갈치구이,해물탕,갈치조림,제주특별자치도 서귀포시 대정읍 상모리 87-5
돼지고기산적,봉피양,평양냉면,돼지갈비,, 서울특별시 송파구 방이동 205-8
돼지고기산적,은주정,김치찌개,김치찌개전문,삼겹살,서울특별시 중구 주교동 43-23
돼지고기산적,땅코참숯구이,목살,갈매기살,돼지고기,서울특별시 성동구 행당동 298-53
돼지고기산적,가보정,왕갈비,갈비,,경기도 수원시 팔달구 인계동 958-1
돼지고기산적,육전식당,통삼겹,삼겹살,,서울특별시 동대문구 신설동 104-3
돼지고기산적,양지말,고추장삼겹살,화로구이,삼겹살,강원도 홍천군 홍천읍 하오안리 631-3
돼지고기산적,조박집,돼지갈비,동치미국수,,서울특별시 마포구 용강동 40-1
돼지고기산적,돈사돈,근고기,흑돼지,돼지고기,제주특별자치도 제주시 노형동 3086-3
돼지고기산적,부암갈비,생갈비,돼지갈비,,인천광역시 남동구 간석2동 130-12
돼지고기산적,대성갈비,돼지갈비,양념게장,,서울시 성동구 성수동1가 668-21
돼지고기엿,봉피양,평양냉면,돼지갈비,, 서울특별시 송파구 방이동 205-8
돼지고기엿,은주정,김치찌개,김치찌개전문,삼겹살,서울특별시 중구 주교동 43-23
돼지고기엿,땅코참숯구이,목살,갈매기살,돼지고기,서울특별시 성동구 행당동 298-53
돼지고기엿,가보정,왕갈비,갈비,,경기도 수원시 팔달구 인계동 958-1
돼지고기엿,육전식당,통삼겹,삼겹살,,서울특별시 동대문구 신설동 104-3
돼지고기엿,양지말,고추장삼겹살,화로구이,삼겹살,강원도 홍천군 홍천읍 하오안리 631-3
돼지고기엿,조박집,돼지갈비,동치미국수,,서울특별시 마포구 용강동 40-1
돼지고기엿,돈사돈,근고기,흑돼지,돼지고기,제주특별자치도 제주시 노형동 3086-3
돼지고기엿,부암갈비,생갈비,돼지갈비,,인천광역시 남동구 간석2동 130-12
돼지고기엿,대성갈비,돼지갈비,양념게장,,서울시 성동구 성수동1가 668-21
돼지새끼보죽,결과없음
돼지새끼회,결과없음
돼지순대,오보레,순대볶음,콩나물,삼겹살,부산광역시 금정구 장전동 420-39
돼지순대,사랑방숯불갈비,돼지갈비,순대국,,서울특별시 서초구 방배4동 822-22
돼지순대,하나정,꽃등심,삼겹살,순대,경기도 광주시 곤지암읍 삼리 177-1
돼지순대,용궁식당,오징어불고기,돼지불고기,순대국밥,충청북도 보은군 수한면 발산리 99-4
돼지순대,가스름식당,두루치기,몸국,삼겹살,제주특별자치도 서귀포시 표선면 가시리 1900-4
돼지순대,백암왕순대,곱창전골,순대국,삼겹살,서울특별시 서초구 반포4동 19-4
돼지순대,시장식당,흑돼지,순대국밥,,전라북도 남원시 인월면 인월리 251-1
돼지순대,제주,순대국밥,흑돼지,,제주특별자치도 서귀포시 서귀동 295-14
돼지순대,두꺼비식당,순대,막창순대,,경상북도 예천군 용궁면 읍부리 299-3
돼지순대,세로수식당,갈매기살,고기집,순대,부산광역시 사상구 주례동 177
돼지족발국,국수9단,국수,물국수,,대구광역시 달서구 본동 764-2
돼지족발국,문세끼,고기국수,아강발,,제주특별자치도 제주시 용담2동 924-15
돼지족발국,송가네,감자탕,뼈찜,된장찌개,충청북도 청주시 상당구 영운동 187-9
돼지족발국,놀부보쌈,마늘족발,아구찜,삼겹살,충청남도 천안시 서북구 백석동 408
돼지족발국,청송얼음막걸리,감자탕,매운족발,,충청북도 청주시 흥덕구 옥산면 오산리 249-5
돼지족발국,마당쇠,꿀막걸리,삼겹살,닭볶음탕,제주특별자치도 제주시 조천읍 조천리 3224-1
돼지족발국,동부만두,손만두,찐빵,돼지고기,전라남도 목포시 용당2동 1050-5
돼지족발국,서귀포족탕,족탕,낙지,전골,제주특별자치도 서귀포시 동홍동 588-2
돼지족발국,강서방치킨,골뱅이무침,돈가스,닭볶음탕,강원도 평창군 봉평면 면온리 777-8
돼지족발국,비락,닭떡볶이,도시락,김치찌개,충청북도 청주시 흥덕구 664
돼지허파전,삼청동수제비,수제비,옹심이,파전,서울특별시 종로구 삼청동 102
돼지허파전,동이손만두,만두전골,손만두,파전,경기도 포천시 소흘읍 직동리 376-2
돼지허파전,맷돌순두부,순두부,순두부찌개,파전,경상북도 경주시 북군동 229-1
돼지허파전,도동집,불고기,파전,,서울특별시 용산구 후암동 439-13
돼지허파전,원조녹두,동그랑땡,고추전,파전,서울시 중구 입정동 272-8
돼지허파전,한성칼국수,새우전,칼국수,파전,서울시 강남구 논현동 62-13 (관우회관 지하)
돼지허파전,이모네,파전,곱창전골,해물파전,서울특별시 동대문구 휘경1동 334-85
돼지허파전,대련집,사골칼국수,칼국수,파전,서울특별시 종로구 관수동 163
돼지허파전,상당집,손두부,파전,,충청북도 청주시 상당구 산성동 159
돼지허파전,다솥맛집,전복돌솥밥,해물솥밥,파전,부산광역시 해운대구 송정동 313-10
두릅국,결과없음
두부된장장아찌,동화가든,짬뽕순두부,초두부,,강원도 강릉시 초당동 309-1
두부된장장아찌,백년옥,두부,순두부,,서울특별시 서초구 서초3동 1450-6
두부된장장아찌,기와집순두부,순두부,콩탕,두부,경기도 남양주시 조안면 조안리 169-3
두부된장장아찌,초당할머니순두부,순두부,모두부,,강원도 강릉시 초당동 307-4
두부된장장아찌,김영애,순두부,순두부정식,,강원도 속초시 노학동 1011-39
두부된장장아찌,맷돌순두부,순두부,순두부찌개,,경상북도 경주시 북군동 229-1
두부된장장아찌,고향집,두부전골,두부구이,,강원도 인제군 기린면 현리 196
두부된장장아찌,뚝배기집,뚝배기,우렁된장찌개,순두부,서울시 종로구 관철동 5-1
두부된장장아찌,농촌순두부,순두부,콩비지,두부,강원도 강릉시 강문동 126-1
두부된장장아찌,옛날민속집,두부,콩비지,두부요리,서울특별시 종로구 구기동 64-5
들깨죽,본죽,들깨죽,죽집,,광주광역시 남구 주월동 961-1
들깨죽,갓냉이국수,들깨죽,국수,,강원도 철원군 서면 자등리 725-1
들깨죽,대경식당,오리고기,들깨죽,,경상북도 칠곡군 동명면 기성리 301
들깨죽,죽마을,들깨죽,김치,,경기도 평택시 서정동 317-56
들깨죽,죽마을,들깨죽,김치,,경기도 평택시 지산동 714-11
들깨죽,조은감,들깨죽,우동,,부산광역시 해운대구 우동 1410-1
들깨죽,송화찜,뽈찜,동치미,들깨죽,경상남도 통영시 봉평동 299-38
들무장아찌,결과없음
등절비,결과없음
마늘엿,결과없음
마늘주,결과없음
마른두부,동화가든,짬뽕순두부,초두부,,강원도 강릉시 초당동 309-1
마른두부,백년옥,두부,순두부,,서울특별시 서초구 서초3동 1450-6
마른두부,기와집순두부,순두부,콩탕,두부,경기도 남양주시 조안면 조안리 169-3
마른두부,초당할머니순두부,순두부,모두부,,강원도 강릉시 초당동 307-4
마른두부,김영애,순두부,순두부정식,,강원도 속초시 노학동 1011-39
마른두부,맷돌순두부,순두부,순두부찌개,,경상북도 경주시 북군동 229-1
마른두부,고향집,두부전골,두부구이,,강원도 인제군 기린면 현리 196
마른두부,뚝배기집,뚝배기,우렁된장찌개,순두부,서울시 종로구 관철동 5-1
마른두부,농촌순두부,순두부,콩비지,두부,강원도 강릉시 강문동 126-1
마른두부,옛날민속집,두부,콩비지,두부요리,서울특별시 종로구 구기동 64-5
막김치,체부동잔치집,들깨칼국수,잔치국수,김치,서울특별시 종로구 체부동 190
막김치,돼지집,두루치기,돼지두루치기,김치찌개,경기도 광명시 소하동 1369-2
막김치,나베식당,나베,돈까스나베,김치나베,서울특별시 마포구 연남동 385-6
막김치,미쓰발랑코,짜글이,두루치기,김치찌개,경기도 부천시 원미구 중1동 1134-4
막김치,자연은,퓨전한식,한식,김치,서울특별시 강남구 삼성동 159 코엑스몰 B1 I111
막김치,잉꼬칼국수,부추칼국수,칼국수,김치,경기도 구리시 교문동 277-3
막김치,단양마늘만두,새우만두,만두,김치만두,충청북도 단양군 단양읍 도전리 564
막김치,서울스낵,떡볶이,분식,김치,서울특별시 성동구 성수동1가 656-604
막김치,연희동칼국수,사골칼국수,칼국수,김치,서울특별시 서대문구 연희동 132-29
막김치,함병현김치말이국수,김치말이국수,국수,김치,경기도 포천시 내촌면 내리 248-7
만디,결과없음
말고기육회,영주말가든,말고기,사시미,육회,제주특별자치도 제주시 오라2동 3176
말고기육회,정우말가든,말고기,육회,,제주특별자치도 제주시 연동 505-5
말고기육회,마마무말가든,말고기,육회,,제주특별자치도 제주시 오라2동 779-1
말고기육회,마돈가,말고기,소고기,육회,제주특별자치도 서귀포시 안덕면 창천리 850-4
말고기육회,마구이양구이,말고기,양구이,육회,제주특별자치도 제주시 노형동 1296-1
말고기육회,마리조아,말고기,육회,,제주특별자치도 제주시 도련1동 1777-5
말고기육회,고수목마,말고기,육회,,제주특별자치도 서귀포시 표선면 표선리 553-2
말고기육회,목장원식당바스메,말고기,말육회,,제주특별자치도 서귀포시 표선면 성읍리 2632-1
말고기육회,목마,말고기,육회,,제주특별자치도 서귀포시 서귀동 319-9
말고기육회,목마가든,말고기,육회,,제주특별자치도 제주시 이도2동 1994-4
메밀가루파전,진미면막국수,막국수,물막국수,메밀전,전라북도 익산시 신용동 1093
메밀가루파전,원광덕,시골밥상,메밀,파전,충청남도 천안시 동남구 광덕면 광덕리 647-1
메밀가루파전,참살이봉평메밀막국수,파전,메밀,,전라북도 군산시 수송동 818-3
메밀고구마범벅,고기리,순메밀,막국수,메밀,경기도 용인시 수지구 고기동 439-1
메밀고구마범벅,광화문,메밀국수,냉메밀,,서울 종로구 청진동 24
메밀고구마범벅,봉밀가,평양냉면,평양국수,메밀국수,서울특별시 강남구 삼성동 8-1
메밀고구마범벅,고성막국수,순메밀,막국수,메밀,서울특별시 강서구 방화동 323-6
메밀고구마범벅,잘빠진메밀,메밀,메밀막국수,,서울특별시 종로구 통인동 118-3 지하1층
메밀고구마범벅,남경막국수,막국수,물막국수,메밀전병,서울특별시 송파구 잠실동 207-13
메밀고구마범벅,평양면옥,평양냉면,어복쟁반,메밀,서울특별시 강남구 논현동 66-2
메밀고구마범벅,송옥,메밀국수,우동전문,메밀소바,서울시 중구 남대문로4가 17-40
메밀고구마범벅,성북동,누룽지백숙,메밀,메밀전,서울시 성북구 성북동 281-1
메밀고구마범벅,삼교리,동치미,막국수,메밀국수,경기 성남시 분당구 금곡동 375-1 1동 102호
메밀밥,오목골,메밀우동,계란말이김밥,,인천광역시 남구 도화동 245-49
메밀밥,사리원,부대찌개,냉면,메밀,경상남도 통영시 무전동 1055-4
메밀밥,진미집,소바,콩국수,김밥,전라북도 전주시 완산구 전동 237
메밀밥,중앙모밀,모밀국수,모밀,김밥,부산광역시 중구 중앙동2가 27-2
메밀밥,송옥,메밀,우동,돌솥비빔밥,서울시 영등포구 여의도동 23 여의도 IFC몰 L3층
메밀밥,부부냉면,평양냉면,냉면,밥집,부산광역시 중구 부평동1가 28-3
메밀밥,삼거리포차,연어사시미,술집,부대찌개,서울특별시 종로구 관철동 18-8
메밀밥,김양옥,메밀,돼지불백,,경기도 수원시 팔달구 인계동 1025-10 1층
메밀밥,메밀꽃필무렵,메밀,순두부찌개,,경기도 부천시 원미구 역곡2동 28-3
메밀밥,메밀마을,메밀,메밀만두,,서울특별시 은평구 대조동 194-28
메밀죽,결과없음
메조밥,결과없음
멸치국,결과없음
멸치조림,장가네,멸치쌈밥,멸치조림,,서울시 관악구 봉천동 883-11
멸치조림,매실떡갈비,쌈밥정식,떡갈비,멸치조림,경상남도 하동군 하동읍 읍내리 885
멸치조림,미조항식당,멸치쌈밥,멸치회,멸치조림,경상남도 남해군 미조면 미조리 19-65
멸치조림,복돼지,멸치조림,호두과자,,전라남도 무안군 무안읍 성동리 701-1
멸치조림,파도횟집,멸치회,멸치조림,,부산광역시 기장군 기장읍 대변리 399-4
멸치조림,광진활어횟집,멸치조림,멸치회,,부산광역시 기장군 기장읍 대변리 406-24
모자반국,결과없음
모자반무침,결과없음
모자반장아찌,결과없음
모자반전,결과없음
무김치,체부동잔치집,들깨칼국수,잔치국수,김치,서울특별시 종로구 체부동 190
무김치,돼지집,두루치기,돼지두루치기,김치찌개,경기도 광명시 소하동 1369-2
무김치,나베식당,나베,돈까스나베,김치나베,서울특별시 마포구 연남동 385-6
무김치,미쓰발랑코,짜글이,두루치기,김치찌개,경기도 부천시 원미구 중1동 1134-4
무김치,자연은,퓨전한식,한식,김치,서울특별시 강남구 삼성동 159 코엑스몰 B1 I111
무김치,잉꼬칼국수,부추칼국수,칼국수,김치,경기도 구리시 교문동 277-3
무김치,단양마늘만두,새우만두,만두,김치만두,충청북도 단양군 단양읍 도전리 564
무김치,서울스낵,떡볶이,분식,김치,서울특별시 성동구 성수동1가 656-604
무김치,연희동칼국수,사골칼국수,칼국수,김치,서울특별시 서대문구 연희동 132-29
무김치,함병현김치말이국수,김치말이국수,국수,김치,경기도 포천시 내촌면 내리 248-7
무된장장아찌,결과없음
무릇엿,결과없음
무말랭이조림,춘심이네,통갈치구이,은갈치,갈치조림,제주특별자치도 서귀포시 안덕면 창천리 160-4
무말랭이조림,네거리식당,갈치국,갈치조림,,제주도 서귀포시 천지동 310-40
무말랭이조림,맛나식당,갈치조림,고등어조림,,제주특별자치도 서귀포시 성산읍 고성리 316
무말랭이조림,고집돌우럭,우럭조림,갈치조림,,제주특별자치도 제주시 건입동 1319-124
무말랭이조림,닭진미강원집,닭곰탕,닭,갈치조림,서울특별시 중구 남창동 34-139
무말랭이조림,바다속고등어쌈밥,고등어쌈밥,고등어조림,,제주특별자치도 제주시 애월읍 하귀리 1548
무말랭이조림,호반,병어,한식,병어조림,서울특별시 종로구 낙원동 85-7
무말랭이조림,운정이네,오분작돌솥밥,전복뚝배기,갈치조림,제주특별자치도 서귀포시 중문동 1239-5
무말랭이조림,사돈집,물곰탕,곰치국,가자미조림,강원도 속초시 영랑동 133
무말랭이조림,만선식당,고등어회,고등어,고등어조림,제주특별자치도 서귀포시 하모리 대정읍 770-50
무메밀가루국,고기리,순메밀,막국수,메밀,경기도 용인시 수지구 고기동 439-1
무메밀가루국,광화문,메밀국수,냉메밀,,서울 종로구 청진동 24
무메밀가루국,봉밀가,평양냉면,평양국수,메밀국수,서울특별시 강남구 삼성동 8-1
무메밀가루국,고성막국수,순메밀,막국수,메밀,서울특별시 강서구 방화동 323-6
무메밀가루국,잘빠진메밀,메밀,메밀막국수,,서울특별시 종로구 통인동 118-3 지하1층
무메밀가루국,남경막국수,막국수,물막국수,메밀전병,서울특별시 송파구 잠실동 207-13
무메밀가루국,평양면옥,평양냉면,어복쟁반,메밀,서울특별시 강남구 논현동 66-2
무메밀가루국,송옥,메밀국수,우동전문,메밀소바,서울시 중구 남대문로4가 17-40
무메밀가루국,성북동,누룽지백숙,메밀,메밀전,서울시 성북구 성북동 281-1
무메밀가루국,삼교리,동치미,막국수,메밀국수,경기 성남시 분당구 금곡동 375-1 1동 102호
무호박시루떡,연희떡사랑,시루떡,카스테라,호박,서울특별시 서대문구 연희동 132-75
무호박시루떡,보은떡사랑,호박,시루떡,,충청북도 청주시 흥덕구 운천동 677-1
무호박시루떡,낙원,떡집,시루떡,호박,경기도 고양시 덕양구 행신동 934
무호박시루떡,조현제궁중떡,시루떡,떡집,단호박,경기도 고양시 일산서구 대화동 2282-5 B1
무호박시루떡,본가떡방앗간,떡집,시루떡,호박,대전광역시 대덕구 중리동 386-25
무호박시루떡,떡마을,떡케익,시루떡,호박,광주광역시 남구 노대동 839
물외장아찌,결과없음
미수전,결과없음
미역냉국,용두동,미역냉국,맥주,,경기도 안양시 동안구 평촌동 918-5
미역냉국,우리불닭발,미역냉국,오돌뼈,,서울특별시 금천구 가산동 140-23
미역냉국,신영푸드,미역냉국,돈까스,,경기도 용인시 기흥구 서천동 7-3
미역냉국,황금회수산,횟집,미역냉국,,경기도 수원시 영통구 매탄동 130-24
미역냉국,스마일농장,미역냉국,물김치,,경상남도 남해군 상주면 상주리 2020-3
미역냉국,롯데리아,야채곱창,미역냉국,,서울특별시 중랑구 망우동 461-1
미역된장국,삼순할매반찬,가지볶음,미역국,된장국,경기도 수원시 영통구 영통1동 1033-2
미역쇠국,결과없음
밀가루수제비,삼청동수제비,수제비,옹심이,,서울특별시 종로구 삼청동 102
밀가루수제비,주막,털레기,보리밥,수제비,경기도 고양시 덕양구 용두동 432-183
밀가루수제비,팔당원조칼제비칼국수,칼제비,해물칼제비,수제비,경기도 하남시 창우동 4-9
밀가루수제비,엘림,들깨수제비,칼제비,수제비,서울시 강북구 수유동 319-13
밀가루수제비,행하령수제비,수제비,얼큰수제비,,경기도 성남시 분당구 구미동 35-9
밀가루수제비,수목식당,칼제비,칼국수,수제비,서울특별시 동작구 흑석동 54-146
밀가루수제비,원조고향손칼국수,손칼국수,칼제비,수제비,인천광역시 부평구 부평4동 370-50
밀가루수제비,프라자손칼국수,손칼국수,칼국수,수제비,서울시 송파구 가락동 199 프라자아파트 상가 1층
밀가루수제비,다야,국수,칼국수,수제비,서울특별시 광진구 광장동 258-18
밀가루수제비,주막보리밥,털레기,보리밥,수제비,경기도 용인시 수지구 고기동 214-6
밀감화채,메이드비,화채,카페,,대전광역시 서구 둔산동 1016
밀감화채,똥개네퓨전포차,퓨전포차,포차,화채,서울특별시 관악구 신림동 1423-19
밀감화채,진짜손,간장새우,화채,,서울특별시 영등포구 여의도동 16-2
밀감화채,노적봉,화채,,,강원도 속초시 대포동 466-1
밀감화채,한잔어때,화채,닭발,,경기도 수원시 팔달구 매산로1가 19-14
밀감화채,밤이면밤마다,술집,화채,,경기도 수원시 팔달구 인계동 1041-4
밀감화채,축령산,화채,바베큐,,경기도 가평군 상면 임초리 418-11
밀감화채,카프리,화채,,,강원도 강릉시 옥천동 287-14
바다장어회,무진장,아나고회,붕장어,횟집,부산시 기장군 기장읍 연화리 172-1
바다장어회,칠암1번지횟집,아나고회,붕장어,횟집,부산광역시 기장군 일광면 칠암리 1-8
바다장어회,청기와횟집,아나고,횟집,붕장어,부산광역시 기장군 일광면 칠암리 9
바다장어회,대청도,민어코스,민어,회집,인천시 남동구 만수1동 955-7 2F
바다장어회,신동원식당,새조개,샤브샤브,바다장어,전라남도 보성군 회천면 동율리 781
바다장어회,칠암등대횟집,아나고,아나고회,횟집,부산광역시 기장군 일광면 칠암리 15
바다장어회,성림횟집,붕장어,아나고,횟집,부산광역시 기장군 일광면 칠암리 7
바다장어회,돌샘횟집,아나고,아나고회,횟집,부산광역시 기장군 일광면 칠암리 1-7
바다장어회,청명수산,붕장어,대게,횟집,서울시 동작구 노량진동 13-8
바다장어회,동해장어막회,막회,붕장어,,경상남도 김해시 1322
반지기밥,결과없음
방어구이,다복회활어직판장,회집,구이,방어,충청북도 증평군 증평읍 신동리 61
방어구이,하단횟집,전어구이,소라,생선구이,부산광역시 사하구 하단1동 1165-14
방어구이,GAZI,일본,치즈,방어,서울특별시 광진구 자양동 682-9
방어회,바다회사랑,방어회,대방어회,,서울특별시 마포구 연남동 566-8
방어회,싱싱해물나라,고등어회,활고등어회,방어회,서울시 종로구 관철동 11-2 2층
방어회,만선식당,고등어회,고등어,방어회,제주특별자치도 서귀포시 하모리 대정읍 770-50
방어회,바다회사랑,방어회,대방어,대방어회,서울특별시 마포구 서교동 352-1
방어회,미영이네,고등어회,고등어탕,방어회,제주 서귀포시 대정읍 하모리 770-29
방어회,회양과국수군,회국수,국수,방어회,제주도 제주시 우도면 연평리 2473
방어회,싱싱오징어바다,오징어,오징어회,방어회,서울특별시 성동구 행당동 1-87
방어회,부두식당,방어회,대방어회,,제주특별자치도 서귀포시 대정읍 하모리 770-7
방어회,마라도횟집,대방어,횟집,대방어회,제주도 제주시 연동 262-10
방어회,민락어민활어직판장,회센터,포장마차,방어회,부산광역시 수영구 민락동 113-51
배추꽃대김치,체부동잔치집,들깨칼국수,잔치국수,김치,서울특별시 종로구 체부동 190
배추꽃대김치,돼지집,두루치기,돼지두루치기,김치찌개,경기도 광명시 소하동 1369-2
배추꽃대김치,나베식당,나베,돈까스나베,김치나베,서울특별시 마포구 연남동 385-6
배추꽃대김치,미쓰발랑코,짜글이,두루치기,김치찌개,경기도 부천시 원미구 중1동 1134-4
배추꽃대김치,자연은,퓨전한식,한식,김치,서울특별시 강남구 삼성동 159 코엑스몰 B1 I111
배추꽃대김치,잉꼬칼국수,부추칼국수,칼국수,김치,경기도 구리시 교문동 277-3
배추꽃대김치,단양마늘만두,새우만두,만두,김치만두,충청북도 단양군 단양읍 도전리 564
배추꽃대김치,서울스낵,떡볶이,분식,김치,서울특별시 성동구 성수동1가 656-604
배추꽃대김치,연희동칼국수,사골칼국수,칼국수,김치,서울특별시 서대문구 연희동 132-29
배추꽃대김치,함병현김치말이국수,김치말이국수,국수,김치,경기도 포천시 내촌면 내리 248-7
배추꽃대무침,결과없음
배추냉국,결과없음
배추된장국,남이천배추된장국,배추된장국,삼합구이,,경기도 이천시 모가면 두미리 219-3
배추된장국,남여주배추된장국,배추된장국,한우,,경기 여주시 가남읍 하귀리 241-5 남여주배추된장국
배추된장국,동여주,배추된장국,한우등심,,경기도 여주 북내면 중암리 729
백년초술,결과없음
백설기,결과없음
별상어회,귀빈횟집,상어회,,,울산광역시 울주군 온산읍 강양리 68-1
별상어회,상어활어회센타,상어회,활어회,,강원도 속초시 대포동 955-2 대포항수산시장
복분자술,결과없음
복어고사리지짐,금수복국,복국,밀복,,부산시 해운대구 중동 1394-65
복어고사리지짐,만성복집,졸복국,졸복,,경상남도 통영시 서호동 177-65
복어고사리지짐,진고래,복국,참복,,서울특별시 강남구 대치4동 897-22
복어고사리지짐,을지OB베어,노가리,생맥주,복어,서울특별시 중구 을지로3가 95
복어고사리지짐,금수복국,복국,은복,복어,서울특별시 강남구 신사동 627-13
복어고사리지짐,분소식당,졸복국,도다리쑥국,복국,경상남도 통영시 서호동 177-430
복어고사리지짐,송강,갯벌장어,복요리,복어,서울시 서초구 방배동 1002-1
복어고사리지짐,몰질식육식당,식육식당,짬뽕,복매운탕,제주도 서귀포시 강정동 4521-8
복어고사리지짐,철철복집,복불고기,복지리,,서울시 중구 다동 138
복어고사리지짐,부산복집,복불고기,복지리,,서울특별시 중구 충무로3가 57-15
복어국,몰질식육식당,식육식당,짬뽕,짬뽕밥,제주도 서귀포시 강정동 4521-8
복어국,부산복칼국수,복칼국수,복튀김,,경기도 안양시 동안구 귀인동 918-7
복어국,어하복국,복계탕,삼계탕,복국,울산광역시 울주군 범서읍 구영리 1003-3
복어국,복어세상,복어,복어샤브샤브,,경상북도 경산시 진량읍 신상리 381-2
복어국,싱글벙글복어,복어,매운탕,,서울특별시 종로구 낙원동 121-1
복어국,전주남부식당,콩나물국밥,복국,갈비탕,서울특별시 노원구 상계동 749-3
복어국,금수복국,복지리,매운탕,,서울시 서초구 서초동 1691-5
복어국,청해대복,복국,매운탕,,경상남도 양산시 북부동 462-56
복어국,복이네칼국수,복칼국수,칼국수,,경기도 성남시 성남동 3124
복어국,복누리,복샤브샤브,복어,,대전광역시 서구 만년동 363
볼락구이,한산섬식당,뽈락매운탕,매운탕,뽈락구이,경상남도 통영시 정량동 1374-10
볼락구이,예이제게장,게장백반,게장무한리필,뽈락구이,경상남도 거제시 장승포동 537-2
볼락구이,문어집,문어,볼락구이,,서울시 강남구 신사동 661-18 정동상가 1층 11호
볼락구이,달구지포차,아구탕,포차,볼락구이,서울특별시 송파구 석촌동 272-6
볼락구이,예이제게장백반,게장백반,게장무한리필,뽈락구이,경상남도 거제시 남부면 갈곶리 204-3
볼락구이,원조통영집,다찌,볼락구이,,경상남도 통영시 항남동 139-20
볼락구이,광명횟집식당,뽈락매운탕,뽈락구이,,경상남도 통영시 동호동 166-4
볼락구이,장어먹는날,장어,뽈락구이,,경상남도 통영시 봉평동 446-8
볼락구이,진미,뽈락구이,참가자미,,경상남도 창원시 마산합포구 오동동 18-68
볼락구이,싱싱뽈락회,볼락회,굴비,뽈락구이,대전광역시 유성구 봉명동 662-4
볼락조림,거문도,볼락,은갈치,갈치조림,전남 여수시 삼산면 거문리 거문도
봄동김치,체부동잔치집,들깨칼국수,잔치국수,김치,서울특별시 종로구 체부동 190
봄동김치,돼지집,두루치기,돼지두루치기,김치찌개,경기도 광명시 소하동 1369-2
봄동김치,나베식당,나베,돈까스나베,김치나베,서울특별시 마포구 연남동 385-6
봄동김치,미쓰발랑코,짜글이,두루치기,김치찌개,경기도 부천시 원미구 중1동 1134-4
봄동김치,자연은,퓨전한식,한식,김치,서울특별시 강남구 삼성동 159 코엑스몰 B1 I111
봄동김치,잉꼬칼국수,부추칼국수,칼국수,김치,경기도 구리시 교문동 277-3
봄동김치,단양마늘만두,새우만두,만두,김치만두,충청북도 단양군 단양읍 도전리 564
봄동김치,서울스낵,떡볶이,분식,김치,서울특별시 성동구 성수동1가 656-604
봄동김치,연희동칼국수,사골칼국수,칼국수,김치,서울특별시 서대문구 연희동 132-29
봄동김치,함병현김치말이국수,김치말이국수,국수,김치,경기도 포천시 내촌면 내리 248-7
산초잎된장장아찌,결과없음
상동술,04하우스,피자,필라프,맥주,경기도 부천시 원미구 상동 411
상동술,토리마쯔리,이자카야,꼬치구이,,경기도 부천시 상동 407-2
상동술,하나,이자카야,술집,,경기 부천시 상동 545-18
상동술,마주하리,요리주점,파스타,술집,경기도 부천시 원미구 상동 414-1
상동술,서까래,사시미,술집,이자카야,경기도 부천시 상동 412-2  대명엔스빌 1차 111호
상동술,미친노가리,짝태,맥주,술집,경기도 부천시 상동 412
상동술,송내불닭발,불닭발,닭발,소주,경기도 부천시 원미구 상동 444-18
상동술,너바나,맥주,호프,,"경기 부천시 상동 413 102,103호"
상동술,오징어마차,오징어회,술집,,경기도 부천시 상동 545-13
상동술,술대감,짜글이,술집,,경기도 부천시 상동 545-13
상화,결과없음
새미떡,결과없음
생표고버섯양념구이,결과없음
성게국,국수바다,성게국수,국수,성게국,제주특별자치도 서귀포시 색달동 2130
성게국,부촌식당,갈치조림,보말국,성게국,제주특별자치도 서귀포시 성산읍 고성리 314-6
성게국,탑동산호전복,전복돌솥밥,전복뚝배기,성게국,제주특별자치도 제주시 삼도2동 1206
성게국,큰집전복뚝배기,전복뚝배기,성게국,,제주특별자치도 제주시 연동 312-32
성게국,김서방재첩해장국,성게국,해장국,,제주특별자치도 제주시 노형동 934-16
성게국,사굴식당,우럭,성게국,,제주특별자치도 제주시 구좌읍 김녕리 7-1
성게국,선우,육개장,보말국,성게국,제주특별자치도 제주시 이도2동 1068
성게국,갯것이,보말국,성게국,,제주 제주시 이도2동 319-1
성게국,사랑담은해물,해물찜,해물,성게국,제주특별자치도 제주시 연동 290-23
성게냉국,결과없음
성게젓,결과없음
성게죽,결과없음
소라젓,스시소라,오마카세,스시,소라,서울특별시 강남구 대치동 894 2층
소라젓,평대,성게국수,국수,소라,제주특별자치도 제주시 구좌읍 평대리 1945-2
소라젓,애월해녀의집,해녀의집,전복죽,소라,제주특별자치도 제주시 애월읍 신엄리 989-1
소라젓,뿔소라몽땅,뿔소라,뿔소라죽,,제주특별자치도 제주시 우도면 2645
소라젓,카페,커피,카페,소라,전라남도 완도군 신지면 신리 810
소라젓,표선,고기국수,보말국,소라,제주특별자치도 서귀포시 표선면 표선리 441
소라젓,산호반점,뿔소라,짬뽕,소라,제주특별자치도 제주시 우도면 2516-2
소라젓,소라식당,소라,간짜장,,전라남도 함평군 함평읍 내교리 209-18
소라젓,소라엄마튀김,소라,오징어순대,,강원도 속초시 대포동 957 대포항수산시장 C동 29호
소라젓,육교식당,영양굴밥,소라,,충청남도 태안군 안면읍 창기리 340
소라회,애월해녀의집,해녀의집,전복죽,소라회,제주특별자치도 제주시 애월읍 신엄리 989-1
소라회,솔밭횟집,소라회,꿀떡,,전라남도 여수시 소라면 복산리 2086-23
소라회,소라회집,소라회,횟집,,서울특별시 관악구 봉천동 62-43
솔변,결과없음
송편,결과없음
쇠고기죽,본죽,전복죽,야채죽,,서울특별시 성동구 행당동 6-2
쇠고기죽,까사델아야,전복죽,카페,한우,강원도 고성군 토성면 청간리 1-9
쇠고기죽,거구장,한우,호박죽,,경상남도 통영시 항남동 147-33
쇠고기죽,본죽,죽집,소고기,,경기도 평택시 안중읍 현화리 249
쇠고기죽,본죽,전복죽,죽집,,서울특별시 강동구 명일2동 48-4
쇠고기죽,본죽,야채죽,참치,쇠고기,서울특별시 금천구 가산동 459-11
쇠고기죽,한우물바지락죽,바지락죽,한우,죽집,전라북도 전주시 완산구 중화산동2가 654-11
쇠고기죽,화음정,비빔밥,비빔밥전문,한우,서울특별시 구로구 오류동 176
쇠고기죽,본죽,죽집,소고기,,서울특별시 동작구 상도동 486-6
쇠고기죽,본죽,쇠고기,전복죽,,서울특별시 중랑구 상봉2동 130-5
쇠젖살국,결과없음
숙복,결과없음
쉰달이,결과없음
시로미차,결과없음
시루떡,고당,한옥카페,곤드레밥,시루떡,경기도 남양주시 조안면 조안리 192-10
시루떡,카페,시루떡,카페,,서울시 마포구 동교동 162-14 B1
시루떡,연희떡사랑,시루떡,카스테라,,서울특별시 서대문구 연희동 132-75
시루떡,심순례떡이야기,인절미,떡집,시루떡,충청남도 논산시 광석면 왕전리 578-10
시루떡,보은떡사랑,호박,시루떡,,충청북도 청주시 흥덕구 운천동 677-1
시루떡,시루,시루떡,디저트,,서울시 마포구 서교동 404-19
시루떡,초록마을,시루떡,,,경기도 고양시 일산동구 마두동 753-1
시루떡,전원,시루떡,양념게장,,인천광역시 부평구 청천동 425
시루떡,낙원,떡집,시루떡,,경기도 고양시 덕양구 행신동 934
시루떡,대복떡집,시루떡,떡집,,충청북도 청주시 흥덕구 봉명동 898
쑥범벅,결과없음
양태국,소이연남,소고기국수,쌀국수,태국식,서울특별시 마포구 연남동 229-67 1층
양태국,툭툭누들타이,누들,태국음식,태국요리,서울특별시 마포구 연남동 223-15
양태국,뭄알로이,태국음식,팟타이,타이음식,서울특별시 마포구 상수동 93-113 2층
양태국,방콕익스프레스,태국음식,뿌팟퐁커리,태국,서울특별시 서대문구 대현동 104-25
양태국,소이연남,소고기국수,쌀국수,태국식,서울특별시 용산구 한남동 31-5 리플레이스 한남 C동 2층
양태국,화양연화,태국음식,카오팟,태국요리,서울특별시 종로구 계동 78-2
양태국,왕타이,태국음식,타이음식,태국요리,서울특별시 용산구 이태원동 176-2 영화빌딩 3층
양태국,소이연남,소고기국수,쌀국수,태국식,경기도 고양시 덕양구 동산동 370 스타필드고양 1층
양태국,생어거스틴,아시안푸드,태국음식,태국요리,서울특별시 강남구 삼성동 159-8  그랜드인터콘티넨탈호텔 B1 파르나스몰
양태국,팔람까오,태국음식,쌀국수,태국,서울특별시 금천구 가산동 543-1 대성디폴리스 2층
양하국,결과없음
양하꽃대무침,결과없음
양하순국,결과없음
양하순장아찌,결과없음
엉겅퀴뿌리장아찌,결과없음
오가피주,결과없음
오메기떡,진아떡집,오메기떡,떡집,,제주특별자치도 제주시 일도1동 1141-3
오메기떡,운정이네,오분작돌솥밥,전복뚝배기,오메기떡,제주특별자치도 서귀포시 중문동 1239-5
오메기떡,제주마당,통갈치조림,통갈치구이,오메기떡,제주특별자치도 제주시 노형동 914-2
오메기떡,쉼표,오메기떡,카페,,제주특별자치도 제주시 한림읍 협재리 1732
오메기떡,중앙통닭,마늘통닭,통닭,오메기떡,제주특별자치도 서귀포시 중앙동 275-27
오메기떡,신촌덕인당,빵집,오메기떡,,제주특별자치도 제주시 조천읍 신촌리 2586-1
오메기떡,꽃담팥집,오메기떡,카페,,제주특별자치도 서귀포시 성산읍 성산리 111
오메기떡,할머니떡집,오메기떡,떡집,,제주특별자치도 서귀포시 서귀동 273-5
오메기떡,제라헌오메기떡,오메기떡,,,제주특별자치도 서귀포시 서귀동 291-75
오메기떡,금복식당,고기국수,돔베고기,오메기떡,제주특별자치도 제주시 일도1동 1148-2
오메기소주,결과없음
오메기술,명인고추장,전통장류,민물매운탕,막걸리,전라북도 순창군 순창읍 백산리 265-28
오메기술,느티나무집,민물장어숯불구이,김치,맥주,경기도 하남시 배알미동 116-1
오분자기젓,기억나는집,전복해물탕,해물탕,오분자기,제주도 서귀포시 서귀동 486-4
오분자기젓,성산진미식당,오분자기,옥돔구이,,제주특별자치도 서귀포시 성산읍 성산리 204
오분자기젓,제주,통갈치조림,갈치조림,오분자기,제주특별자치도 서귀포시 색달동 2511-1
오분자기젓,가람돌솥밥,전복돌솥밥,돌솥밥,오분자기,제주특별자치도 서귀포시 대포동 747-3
오분자기젓,보건식당,오분자기,전복뚝배기,,제주특별자치도 제주시 이도2동 1148-4
오분자기젓,진주식당,전복뚝배기,오분작,오분자기,제주특별자치도 서귀포시 천지동 314-7
오분자기젓,선미식당,오분자기,갈치조림,,제주특별자치도 서귀포시 성산읍 성산리 189
오분자기젓,성산포,오분자기,뚝배기,,제주특별자치도 서귀포시 성산읍 성산리 135-2
오분자기젓,독개물항,오분작뚝배기,갈치조림,오분자기,제주특별자치도 제주시 옹포리 한림읍 593-1
오분자기젓,유달산식당,전복뚝배기,갈치조림,오분자기,제주특별자치도 제주시 건입동 1395
오분자기찜,결과없음
오이장아찌,결과없음
오징어강회,청송,산오징어,오징어통찜,,서울시 관악구 남현동 1065-1
오징어강회,뱃고동,낙지불고기,오징어불고기,오징어,서울시 강남구 신사동 663
오징어강회,오징어풍경,오징어불고기,오징어,,서울특별시 강남구 대치4동 897-27
오징어강회,고운님,남도음식,갑오징어,오징어,서울특별시 강남구 대치동 894-5
오징어강회,두꺼비집,불오징어,오징어,,서울시 은평구 대조동 185-34
오징어강회,상도실내포장마차,오징어물회,오징어통찜,,서울특별시 동작구 상도1동 744-1
오징어강회,대선칼국수,두부두루치기,칼국수,오징어,대전시 서구 둔산동 1440
오징어강회,군산오징어,오징어불고기,오삼불고기,오징어,서울특별시 송파구 잠실동 190-10
오징어강회,복정집,오징어찌개,통오징어,,서울특별시 중구 충무로4가 306
오징어강회,여로집,오징어볶음,오징어무침,,서울특별시 영등포구 영등포동3가 15-1
오징어산적,청송,산오징어,오징어통찜,,서울시 관악구 남현동 1065-1
오징어산적,뱃고동,낙지불고기,오징어불고기,오징어,서울시 강남구 신사동 663
오징어산적,오징어풍경,오징어불고기,오징어,,서울특별시 강남구 대치4동 897-27
오징어산적,고운님,남도음식,갑오징어,오징어,서울특별시 강남구 대치동 894-5
오징어산적,두꺼비집,불오징어,오징어,,서울시 은평구 대조동 185-34
오징어산적,상도실내포장마차,오징어물회,오징어통찜,,서울특별시 동작구 상도1동 744-1
오징어산적,대선칼국수,두부두루치기,칼국수,오징어,대전시 서구 둔산동 1440
오징어산적,군산오징어,오징어불고기,오삼불고기,오징어,서울특별시 송파구 잠실동 190-10
오징어산적,복정집,오징어찌개,통오징어,,서울특별시 중구 충무로4가 306
오징어산적,여로집,오징어볶음,오징어무침,,서울특별시 영등포구 영등포동3가 15-1
오합주,결과없음
옥돔미역국,나비채,옥돔미역국,보말칼국수,,제주특별자치도 서귀포시 색달동 2864-36
옥돔죽,결과없음
요애,결과없음
우럭구이,명성회센터,대게,물회,우럭구이,경상북도 경주시 감포읍 감포리 504-15
우럭구이,연탄구이포차,우럭구이,포차,,인천광역시 남동구 구월1동 1162-14
우럭구이,노란마후라,조개구이,모듬조개,우럭구이,부산광역시 해운대구 중2동 611
우럭구이,우럭뽈따구,우럭,우럭구이,,부산광역시 사상구 괘법동 516-47
우럭구이,붉은우럭,우럭,우럭구이,,울산광역시 남구 달동 122-10
우럭구이,승진횟집,게국지,꽃게탕,우럭구이,충청남도 태안군 안면읍 승언리 1329-1
우럭구이,몽로,우럭구이,술집,,부산광역시 남구 대연3동 52-4
우럭구이,통영생선구이,생선구이,멸치쌈밥,우럭구이,경상남도 통영시 용남면 화삼리 945-23
우럭구이,우럭잡는김선장,우럭,우럭구이,,부산광역시 금정구 장전3동 643-282
우럭구이,싱싱하고신선한해물,우럭찜,해물,우럭구이,대구광역시 중구 태평로1가 1-187
우럭콩조림,고집돌우럭,우럭조림,갈치조림,,제주특별자치도 제주시 건입동 1319-124
우럭콩조림,으뜨미,우럭조림,우럭,,제주특별자치도 제주시 구좌읍 송당리 1398-6
우럭콩조림,바당지기식당,우럭튀김,우럭,,제주특별자치도 제주시 구좌읍 월정리 1400-45
우럭콩조림,고집돌우럭,우럭조림,우럭,,제주특별자치도 서귀포시 색달동 2351
우럭콩조림,청년횟집,광어,횟집,고등어조림,경기도 시흥시 목감동 402-2
우럭콩조림,월정어촌계식당,우럭튀김,우럭,,제주특별자치도 제주시 구좌읍 월정리 1400-45
우럭콩조림,월정어촌계,우럭,물회국수,갈치조림,제주특별자치도 제주시 구좌읍 월정리 1400-45
우럭콩조림,쿠루,사시미모리아와세,꼼장어,우럭,대구광역시 수성구 범어동 1324
우럭콩조림,대어횟집,물메기탕,뚝배기,우럭,울산광역시 중구 반구1동 460-1
우럭콩조림,바당지기,우럭,어랭이물회,갈치조림,제주특별자치도 제주시 구좌읍 동복리 757-9
우무냉국,결과없음
유자주,결과없음
유채나물무침,결과없음
은절미,결과없음
익모초엿,결과없음
임지떡,결과없음
자리돔강회,결과없음
자리돔구이,88생선구이,생선구이,도루묵,구이,강원도 속초시 중앙동 468-55
자리돔구이,다미,생선구이,삼치구이,,서울특별시 영등포구 여의도동 36-4 오륜빌딩 1층
자리돔구이,구이혁명가,꼬치구이,구이,,서울특별시 강남구 역삼동 649 지하1층
자리돔구이,모리구이집,꼬지,꼬치구이,조개구이,부산시 해운대구 중동 587
자리돔구이,야스노야,양고기,양고기전문,구이,서울특별시 용산구 후암동 251-15
자리돔구이,구이구이,생선구이전문,구이,,서울특별시 중구 을지로1가 192-11
자리돔구이,칠돈가,흑돼지,근고기,연탄구이,제주도 제주시 용담1동 189-3
자리돔구이,목포고을,흑돼지,근고기,연탄구이,제주특별자치도 서귀포시 색달동 2124-3
자리돔구이,철든놈,꼬치구이,고기집,구이,경기도 안양시 동안구 호계동 1044-8
자리돔구이,중경삼림,흑돼지,돼지고기,구이,서울특별시 종로구 계동 79-6
자리돔물회,표선어촌식당,옥돔지리,물회,자리물회,제주특별자치도 서귀포시 표선면 표선리 40-54
자리돔물회,부흥식당,자리돔물회,물회,,부산광역시 영도구 영선동3가 67-1
자리돔물회,삼보식당,전복뚝배기,자리물회,,제주특별자치도 서귀포시 천지동 319-8
자리돔물회,삼영식당,몸국,자리물회,,제주도 제주시 애월읍 신엄리 705-2
자리돔물회,어진이네,한치물회,횟집,자리물회,제주도 서귀포시 보목동 261
자리돔물회,해원앙,자리물회,돔베고기,,제주특별자치도 제주시 이도2동 387-2
자리돔물회,모슬포해안도로식당,고등어회,자리물회,,제주특별자치도  제주시 연동 294-46
자리돔물회,보목해녀의집,자리물회,물회,자리돔물회,제주도 서귀포시 보목동 566
자리돔물회,호돌이식당,보말죽,한치물회,자리물회,제주특별자치도 제주시 한림읍 협재리 3026
자리돔물회,항구식당,방어회,갈치조림,자리물회,제주특별자치도 서귀포시 대정읍 하모리 770-9
자리젓,결과없음
자리젓국,사랑애,홍어전,우럭구이,젓국,인천광역시 남동구 구월동 1367-12
잡곡밥,결과없음
전갱이구이,88생선구이,생선구이,도루묵,구이,강원도 속초시 중앙동 468-55
전갱이구이,다미,생선구이,삼치구이,,서울특별시 영등포구 여의도동 36-4 오륜빌딩 1층
전갱이구이,구이혁명가,꼬치구이,구이,,서울특별시 강남구 역삼동 649 지하1층
전갱이구이,모리구이집,꼬지,꼬치구이,조개구이,부산시 해운대구 중동 587
전갱이구이,야스노야,양고기,양고기전문,구이,서울특별시 용산구 후암동 251-15
전갱이구이,구이구이,생선구이전문,구이,,서울특별시 중구 을지로1가 192-11
전갱이구이,칠돈가,흑돼지,근고기,연탄구이,제주도 제주시 용담1동 189-3
전갱이구이,목포고을,흑돼지,근고기,연탄구이,제주특별자치도 서귀포시 색달동 2124-3
전갱이구이,철든놈,꼬치구이,고기집,구이,경기도 안양시 동안구 호계동 1044-8
전갱이구이,중경삼림,흑돼지,돼지고기,구이,서울특별시 종로구 계동 79-6
전갱이젓,결과없음
전복구이,명진전복,전복돌솥밥,전복구이,,제주특별자치도 제주시 구좌읍 평대리 515-28
전복구이,연미정,전복돌솥밥,전복밥,전복구이,제주특별자치도 제주시 구좌읍 세화리 3648-4
전복구이,탐복,전복요리,전복,전복구이,부산광역시 기장군 일광면 동백리 285-14
전복구이,비진도,해물뚝배기,전복구이,,서울특별시 서대문구 합동 21-23
전복구이,유빈전복,전복죽,전복전문,전복구이,제주도 제주시 삼도2동 1200-1
전복구이,해사랑전복마을,전복,전복구이,,경상남도 남해군 미조면 미조리 237
전복구이,비진도해물뚝배기,해물뚝배기,전복구이,,서울특별시 마포구 공덕동 105-63
전복구이,한라전복,전복돌솥밥,전복뚝배기,전복구이,제주특별자치도 서귀포시 성산읍 오조리 376
전복구이,돈향기,흑돼지,흑돼지전문,전복구이,제주도 제주시 건입동 1384
전복구이,참전복구이,전복구이,전복라면,,부산광역시 수영구 남천1동 255
전복내장젓,명진전복,전복돌솥밥,전복구이,,제주특별자치도 제주시 구좌읍 평대리 515-28
전복내장젓,순옥이네명가,전복물회,전복뚝배기,,제주특별자치도 제주시 도두1동 2615-5
전복내장젓,도두해녀의집,해녀의집,물회,전복,제주특별자치도 제주시 도두1동 2587-4
전복내장젓,제주김만복,전복김밥,오징어무침,전복,제주특별자치도 서귀포시 강정동 707-2
전복내장젓,제주김만복,전복김밥,오징어무침,전복,제주특별자치도 제주시 오라3동 2250-1
전복내장젓,공천포식당,한치물회,물회,전복,제주도 서귀포시 남원읍 신례리 27-5
전복내장젓,오조,전복죽,전복죽전문,,제주특별자치도 서귀포시 성산읍 오조리 3
전복내장젓,오통영,전복무쇠솥밥,한식,전복,서울특별시 강남구 청담동 88 한나빌딩 지하2층
전복내장젓,동명항,전복뚝배기,전복,,강원도 속초시 동명동 360
전복내장젓,라연,한식당,한정식,전복,서울특별시 중구 장충동2가 산4-5 23층
전복회,유화초,전복죽,전복회,,경상북도 포항시 북구 죽도동 576-2
전복회,바다의집,성게비빔밥,성게미역국,전복회,제주특별자치도 서귀포시 성산읍 오조리 366-1
전복회,해사랑전복마을,전복,전복구이,전복회,경상남도 남해군 미조면 미조리 237
전복회,성환개미집,낙지,아구찜,전복회,충청남도 천안시 동남구 문화동 33-10
전복회,동천해물탕,해물탕,전복회,,부산광역시 금정구 구서동 203-5
전복회,달봉이,전복,전복구이,전복회,부산시 중구 남포동 4가 37-1
전복회,대성회식당,전복,전복물회,전복회,전라남도 완도군 완도읍 군내리 1259
전복회,키다리횟집,전복,전복회,,부산광역시 중구 남포동 4가 37-1 자갈치시장 2층
전복회,해사랑전복마을,전복,전복구이,전복회,경상남도 남해군 미조면 미조리 234
전복회,일산수산,산오징어회,술집,전복회,경기도 고양시 일산서구 일산동 37-11
절변,결과없음
조매떡,결과없음
조시루떡,고당,한옥카페,곤드레밥,시루떡,경기도 남양주시 조안면 조안리 192-10
조시루떡,카페,시루떡,카페,,서울시 마포구 동교동 162-14 B1
조시루떡,연희떡사랑,시루떡,카스테라,,서울특별시 서대문구 연희동 132-75
조시루떡,심순례떡이야기,인절미,떡집,시루떡,충청남도 논산시 광석면 왕전리 578-10
조시루떡,보은떡사랑,호박,시루떡,,충청북도 청주시 흥덕구 운천동 677-1
조시루떡,시루,시루떡,디저트,,서울시 마포구 서교동 404-19
조시루떡,초록마을,시루떡,,,경기도 고양시 일산동구 마두동 753-1
조시루떡,전원,시루떡,양념게장,,인천광역시 부평구 청천동 425
조시루떡,낙원,떡집,시루떡,,경기도 고양시 덕양구 행신동 934
조시루떡,대복떡집,시루떡,떡집,,충청북도 청주시 흥덕구 봉명동 898
조쑥떡,이동복떡집,쑥떡,떡집,,경상남도 남해군 이동면 무림리 1014-8
조쑥떡,삼산떡방앗간,쑥떡,떡집,,전남 해남군 해남읍 고도리 173-19
좁쌀미음,결과없음
좁쌀밥,결과없음
좁쌀죽,결과없음
죽순국,결과없음
중과ㆍ약과,전통찻집,전통찻집,찻집,약과,서울특별시 종로구 관훈동 196-5
중과ㆍ약과,합,떡집,디저트,약과,서울시 강남구 청담동 93-3
중과ㆍ약과,호원당,약과,한식,,서울시 서대문구 대현동 37-30
중과ㆍ약과,도채비도,찻집,전통찻집,약과,서울시 종로구 관훈동 185 2F (inno 갤러리 건물 2층)
중과ㆍ약과,천년찻집,전통찻집,약과,,경기도 포천시 소흘읍 직동리 358-2
중과ㆍ약과,오가다,약과,카페,,충북 청주시 청원구 오창읍 양청리 820-1 메가시티 1F
중과ㆍ약과,호원당,약과,빙수,,서울특별시 강남구 신사동 608-10
중과ㆍ약과,오가다,인절미,카페,약과,울산광역시 동구 일산동 945
중과ㆍ약과,향기담은,떡집,약과,,전라남도 여수시 신기동 117-12
중과ㆍ약과,천년찻집,전통찻집,약과,,경기도 광주시 중부면 오전리 336-4
줴기떡,결과없음
진메물,결과없음
쪽파장아찌,결과없음
차좁쌀떡,결과없음
천엽토렴회,부촌육회,육회,소고기무국,천엽,서울특별시 종로구 종로4가 165-11
천엽토렴회,신내서울해장국,해내탕,해장국,천엽,경기도 양평군 개군면 공세리 327-8
천엽토렴회,황주집,소곱창,곱창,천엽,서울시 강북구 번1동 463-49
천엽토렴회,양평신내서울해장국,해장국,내장탕,천엽,서울특별시 마포구 용강동 19-4
천엽토렴회,신사소곱창,소곱창,곱창,천엽,서울특별시 광진구 화양동 10-8
천엽토렴회,당산원조곱창,곱창,천엽,,서울시 영등포구 당산동5가 33-9
천엽토렴회,신촌황소곱창,소곱창,곱창,천엽,서울시 종로구 관철동 12-23
천엽토렴회,교대곱창,곱창,천엽,,서울특별시 서초구 서초동 1578-3
천엽토렴회,강수곱창,곱창,천엽,,서울시 마포구 서교동 358-136
천엽토렴회,양평,해장국,해내탕,천엽,인천시 부평구 산곡3동 362-23
청묵,결과없음
초피열매장아찌,결과없음
콩나물된장국,청기와,묵은지김치찌개,비빔밥,된장국,광주광역시 북구 오치동 872-37
콩나물된장국,시골할머니밥상,매운냉면,토종순대,된장국,서울시 동대문구 청량리동 774-1
콩나물된장국,현이시락국,시래기국,고등어조림,된장국,경상남도 통영시 서호동 177-417
콩나물된장국,옹기보쌈,막국수,콩나물,된장국,충북 청주시
콩나물된장국,항아리보쌈,쟁반국수,막국수,된장국,경기도 남양주시 와부읍 덕소리 87
콩잎쌈,목향원,석쇠불고기쌈밥,석쇠불고기,쌈밥,경기도 남양주시 별내동 2335-3
콩잎쌈,할머니의,한식,쌈밥정식,,서울특별시 성동구 성수동1가 668-7
콩잎쌈,바다속고등어쌈밥,고등어쌈밥,고등어조림,쌈밥,제주특별자치도 제주시 애월읍 하귀리 1548
콩잎쌈,4브라더스,월남쌈,나시고랭,,서울특별시 강남구 도곡동 423-5
콩잎쌈,우리식당,멸치쌈밥,멸치회,쌈밥,경상남도 남해군 삼동면 지족리 288-7
콩잎쌈,오드리,월남쌈무한리필,무한리필월남쌈,,경기도 남양주시 별내동 2184-11
콩잎쌈,우렁이박사,우렁쌈밥,쌈밥,,충청남도 당진시 신평면 도성리 499-1
콩잎쌈,오구당당,우렁쌈밥,쌈밥,,인천시 부평구 부평1동 546-83
콩잎쌈,고고기,쌈밥,삼겹살,,서울특별시 광진구 구의동 212-3
콩잎쌈,예향정,두루치기,밥집,쌈밥,서울특별시 노원구 상계동 735-4
콩잎장아찌,결과없음
콩장아찌,결과없음
토계탕,결과없음
톳냉국,결과없음
톳밥,전라도,해물탕,톳밥,,경기도 파주시 동패동 1093
톳밥,둥지,톳밥,다방,,대구광역시 동구 신천동 293-11
톳밥,외암리시골밥상가든,시골밥상,톳밥,,충청남도 아산시 송악면 강당리 89-1
톳밥,송도호,해물,톳밥,,경상남도 통영시 욕지면 연화리 204-8
톳범벅,결과없음
통마늘장아찌,결과없음
파래국,결과없음
파무침,결과없음
파뿌리죽,결과없음
파초냉국,결과없음
파초장아찌,결과없음
퍼데기김치,체부동잔치집,들깨칼국수,잔치국수,김치,서울특별시 종로구 체부동 190
퍼데기김치,돼지집,두루치기,돼지두루치기,김치찌개,경기도 광명시 소하동 1369-2
퍼데기김치,나베식당,나베,돈까스나베,김치나베,서울특별시 마포구 연남동 385-6
퍼데기김치,미쓰발랑코,짜글이,두루치기,김치찌개,경기도 부천시 원미구 중1동 1134-4
퍼데기김치,자연은,퓨전한식,한식,김치,서울특별시 강남구 삼성동 159 코엑스몰 B1 I111
퍼데기김치,잉꼬칼국수,부추칼국수,칼국수,김치,경기도 구리시 교문동 277-3
퍼데기김치,단양마늘만두,새우만두,만두,김치만두,충청북도 단양군 단양읍 도전리 564
퍼데기김치,서울스낵,떡볶이,분식,김치,서울특별시 성동구 성수동1가 656-604
퍼데기김치,연희동칼국수,사골칼국수,칼국수,김치,서울특별시 서대문구 연희동 132-29
퍼데기김치,함병현김치말이국수,김치말이국수,국수,김치,경기도 포천시 내촌면 내리 248-7
표고버섯국수,코코분식,칼국수,손칼국수,,제주특별자치도 제주시 도남동 920-17
표고버섯국수,해맞이,미나리,표고버섯,잔치국수,경상북도 포항시 남구 오천읍 문덕리 1188-242
표고버섯국수,연아네토속음식점,표고버섯,칼국수,,강원도 춘천시 소양로2가 172-1
표고버섯국수,불새두마리치킨,통구이,치킨,칼국수,경상남도 김해시 진영읍 진영리 275-236
표고버섯죽,결과없음
풋고추장아찌,결과없음
풋마늘대무침,결과없음
풋마늘대장아찌,결과없음
풋보리밥,벽오동,보리밥,보리밥정식,,전라남도 순천시 덕월동 1013-1
풋보리밥,주막,털레기,보리밥,,경기도 고양시 덕양구 용두동 432-183
풋보리밥,김삿갓,한정식,보리밥정식,보리밥,경기도 남양주시 평내동 360-1
풋보리밥,꽁당보리밥,보리밥,청국장,,충청남도 아산시 배방읍 북수리 1068
풋보리밥,엘림,들깨수제비,칼제비,보리밥,서울시 강북구 수유동 319-13
풋보리밥,낭뜰에쉼팡,흑돼지제육,한식,보리밥,제주특별자치도 제주시 조천읍 와흘리 125
풋보리밥,강태분,묵집,묵사발,보리밥,대전광역시 유성구 봉산동 709-16
풋보리밥,들밥,토속음식,보리밥,,경기도 이천시 마장면 이평리 371
풋보리밥,청국장과보리밥,보리밥,청국장,,서울특별시 강남구 청담동 72-1
풋보리밥,주막보리밥,털레기,보리밥,보리밥정식,경기도 용인시 수지구 고기동 214-6
한치구이,무돌길쉼터,한치구이,떡볶이,,광주광역시 북구 충효동 121-7
한치젓,경미네집,문어라면,해물라면,한치,제주특별자치도 서귀포시 성산읍 성산리 145-4
한치젓,태광식당,한치주물럭,한치,,제주특별자치도 제주시 용담1동 119
한치젓,동복리,회국수,성게국수,한치,제주도 제주시 구좌읍 동복리 1506
한치젓,풍원,한라산볶음밥,한치주물럭,한치,제주특별자치도 제주시 우도면 연평리 2427-1
한치젓,협재칼국수,보말칼국수,칼국수,한치,제주특별자치도 제주시 한림읍 협재리 1908-2
한치젓,약이되는밥상,곤드레밥,백숙,한치,강원도 홍천군 서면 팔봉리 998
한치젓,서촌제,흑돼지돈까스,한치,,제주특별자치도 제주시 한림읍 귀덕리 3198
한치젓,세정,한치,한치회,,부산시 중구 부평동2가 66-18
한치젓,평대,성게국수,국수,한치,제주특별자치도 제주시 구좌읍 평대리 1945-2
한치젓,바다제비,수제비,한치파전,한치,제주특별자치도 제주시 한림읍 한림리 1392-2
해물뚝배기,일미락,삼겹살,해물뚝배기,,서울특별시 성동구 성수동1가 13-160
해물뚝배기,협재해녀의집,해녀의집,해물라면,해물뚝배기,제주특별자치도 제주시 한림읍 협재리 1459-2
해물뚝배기,동명항,전복뚝배기,전복,해물뚝배기,강원도 속초시 동명동 360
해물뚝배기,연안식당,꼬막비빔밥,해물뚝배기,,서울특별시 강남구 도곡동 467-19
해물뚝배기,삼보식당,전복뚝배기,자리물회,해물뚝배기,제주특별자치도 서귀포시 천지동 319-8
해물뚝배기,연안식당,꼬막비빔밥,해물뚝배기,,서울특별시 광진구 구의동 202-4
해물뚝배기,강릉전복해물뚝배기,전복,섭국,해물뚝배기,강원도 강릉시 강문동 182-2
해물뚝배기,도라지식당,갈치조림,한치물회,해물뚝배기,제주특별자치도 제주시 오라3동 2112
해물뚝배기,비진도,해물뚝배기,전복구이,,서울특별시 서대문구 합동 21-23
해물뚝배기,다담아해물뚝배기,해물뚝배기,멸치쌈밥,,경상남도 통영시 항남동 239-3
해물전,미미원,육전,매생이떡국,해물전,광주광역시 동구 동명동 138-5
해물전,밀터,해물칼국수,해물파전,해물전,전라남도 여수시 소호동 1040-3
해물전,착한낙지,낙지볶음,낙지,해물전,서울특별시 양천구 목동 802-9
해물전,밀터칼국수,칼국수,해물전,,충청남도 아산시 신창면 읍내리 579-3
해물전,남천해물전문점,해물전,해물찜,,경상남도 거제시 고현동 819-9
해물전,썬,해물전복칼국수,해물전,,강원도 강릉시 강동면 정동진리 296-7
해물전,바지락명가장가네,바지락죽,바지락,해물전,전라북도 군산시 비응도동 51-3
해물전,통골뱅이앤전,골뱅이,술집,해물전,경기도 수원시 영통구 매탄동 866-10
해물전,각지불,해물찜,아구탕,해물전,제주특별자치도 제주시 조천읍 교래리 217
해물전,청솔밀면,해물짬뽕,해물전,,인천시 남동구 만수1동 954
해산물국,찬양집,해물칼국수,칼국수,,서울특별시 종로구 돈의동 27
해산물국,오씨칼국수,칼국수,손칼국수,,대전시 동구 삼성동 304-36
해산물국,최우영수산,횟집,모듬회,매운탕,서울특별시 영등포구 당산동1가 79-5
해산물국,황해칼국수,해물칼국수,칼국수,,인천시 중구 덕교동 128-1
해산물국,팔당원조칼제비칼국수,칼제비,해물칼제비,수제비,경기도 하남시 창우동 4-9
해산물국,충남서산집,꽃게탕,꽃게,,인천광역시 강화군 내가면 외포리 385
해산물국,뱃놈,조개구이,조개찜,,서울시 광진구 군자동 373-9
해산물국,놀맨,문어라면,해물라면,,제주특별자치도 제주시 애월읍 애월리 2530
해산물국,동해해물,해물찜,해물,,서울특별시 광진구 화양동 37-1
해산물국,형제상회,모듬회,대방어,매운탕,서울특별시 동작구 노량진동 13-8
해삼미역냉국,결과없음
해삼회,속초,물회,홍게라면,해삼,강원도 속초시 조양동 1470
해삼회,부부횟집,물회,성게비빔밥,해삼,서울특별시 송파구 송파동 59-13
해삼회,오가고,선어회,횟집,해삼,서울특별시 강남구 삼성동 112
해삼회,나는바다다,횟집,우럭,해삼,경기도 김포시 구래동 6896-7
해삼회,은평어시장,회무침,횟집,,서울시 은평구 응암동 595-1
해삼회,바다맛횟집,해삼,물회,,전라남도 여수시 안산동 731-5
해삼회,동해횟집,해삼,활어회,,강원도 양양군 손양면 수산리 69-1
해삼회,부부횟집,물회,회덮밥,해삼,강원도 고성군 죽왕면 가진리 80
해삼회,청수산,횟집,물회,,인천광역시 중구 용동 101-1
해삼회,장미횟집,꼬마김밥,광어,해삼,충청남도 천안시 동남구 삼룡동 457
햇고사리풋마늘대무침,결과없음
호박국,장단촌손칼국수,손칼국수,호박,,경기도 파주시 문산읍 문산리 37-2
호박국,호박집,호박,찹쌀순대,순대국,서울특별시 영등포구 영등포동5가 2
호박국,호박,호박,해물칼국수,,경상북도 김천시 교동 812-1
호박국,서울국수가게,고기국수,순두부,국수,제주특별자치도 제주시 구좌읍 세화리 1500-24
호박국,곰칼국수,호박,칼국수,,강원도 동해시 부곡동 85
호박국,신암회타운,회집,해물,매운탕,대구광역시 동구 신암동 1288-28
호박국,풍원추어탕,추어탕,호박,,경기도 용인시 수지구 죽전동 2002-4
호박국,길조식당,호박국수,호박,,충청남도 아산시 도고면 기곡리 296-1
호박국,호박돌,호박,꽃게장정식,꽃게탕,경기도 화성시 서신면 송교리 419-2
호박국,맑은골,호박,갈비찜,찌개,대전시 대덕구 송촌동 497-12
흑오미자주,결과없음
흑오미자차,달새는,전통찻집,찻집,오미자차,서울시 종로구 관훈동 60
흑오미자차,비밀정원,전통찻집,카페,오미자차,서울특별시 종로구 관훈동 8-5
흑오미자차,놋그릇,단팥죽,카페,오미자차,서울특별시 종로구 통인동 118-9
흑오미자차,죽림다원,전통찻집,카페,오미자차,인천시 강화군 길상면 온수리 635
흑오미자차,왕궁다원,한옥카페,카페,오미자차,전라북도 익산시 왕궁면 광암리 554-1
흑오미자차,약초원,찻집,카페,오미자차,서울특별시 마포구 망원동 378-9
흑오미자차,까브,이색카페,카페,오미자차,경상북도 문경시 동로면 생달리 74-1
흑오미자차,한방차,한방차,카페,오미자차,서울특별시 강남구 대치동 891-44 노벨빌딩 지하1층
흑오미자차,차향기,전통찻집,오미자차,,서울시 종로구 화동 106-2
흑오미자차,다래원,오디차,동동주,오미자차,광주시 북구 신안동 210-5
흰밥,결과없음
